{"cameraMode":{"drawMode":0,"name":"Shaded","section":"Shading Mode"},"sceneLighting":false,"audioPlay":false,"sceneViewState":{"showFog":true,"showMaterialUpdate":false,"showSkybox":false,"showFlares":true,"showImageEffects":true,"showParticleSystems":true},"in2DMode":false,"pivot":{"x":0.4752635955810547,"y":-1.125758171081543,"z":-0.3813462257385254},"rotation":{"x":0.14676612615585328,"y":0.7603594064712524,"z":-0.1843792051076889,"w":0.6052447557449341},"size":13.819178581237793,"orthographic":true}