{"cameraMode":{"drawMode":0,"name":"Shaded","section":"Shading Mode"},"sceneLighting":false,"audioPlay":false,"sceneViewState":{"showFog":true,"showMaterialUpdate":false,"showSkybox":false,"showFlares":true,"showImageEffects":true,"showParticleSystems":true},"in2DMode":false,"pivot":{"x":-0.03594970703125,"y":-0.06592559814453125,"z":-60.02738952636719},"rotation":{"x":0.14676612615585328,"y":0.7603594064712524,"z":-0.1843792051076889,"w":0.6052447557449341},"size":87.1842269897461,"orthographic":true}