{"cameraMode":{"drawMode":0,"name":"Shaded","section":"Shading Mode"},"sceneLighting":true,"audioPlay":false,"sceneViewState":{"showFog":true,"showMaterialUpdate":false,"showSkybox":true,"showFlares":true,"showImageEffects":true,"showParticleSystems":true},"in2DMode":false,"pivot":{"x":-24.359756469726564,"y":4.775785446166992,"z":5.866894245147705},"rotation":{"x":0.041444480419158939,"y":0.6967695951461792,"z":-0.04038428142666817,"w":0.7149724960327148},"size":4.8980584144592289,"orthographic":true}