{"cameraMode":{"drawMode":0,"name":"Shaded","section":"Shading Mode"},"sceneLighting":true,"audioPlay":false,"sceneViewState":{"showFog":true,"showMaterialUpdate":false,"showSkybox":true,"showFlares":true,"showImageEffects":true,"showParticleSystems":true},"in2DMode":false,"pivot":{"x":4375.31640625,"y":7035.98974609375,"z":-253.40380859375},"rotation":{"x":-0.09580226987600327,"y":-0.9025956988334656,"z":0.3237549066543579,"w":-0.26709064841270449},"size":10090.7265625,"orthographic":true}