{"cameraMode":{"drawMode":0,"name":"Shaded","section":"Shading Mode"},"sceneLighting":false,"audioPlay":false,"sceneViewState":{"showFog":true,"showMaterialUpdate":false,"showSkybox":false,"showFlares":true,"showImageEffects":true,"showParticleSystems":true},"in2DMode":false,"pivot":{"x":0.5466890335083008,"y":0.6039609909057617,"z":-112.61178588867188},"rotation":{"x":0.14676612615585328,"y":0.7603594064712524,"z":-0.1843792051076889,"w":0.6052447557449341},"size":75.83816528320313,"orthographic":true}