{"cameraMode":{"drawMode":0,"name":"Shaded","section":"Shading Mode"},"sceneLighting":false,"audioPlay":false,"sceneViewState":{"showFog":true,"showMaterialUpdate":false,"showSkybox":false,"showFlares":true,"showImageEffects":true,"showParticleSystems":true},"in2DMode":false,"pivot":{"x":1.0172736644744874,"y":0.1574684977531433,"z":-0.5835206508636475},"rotation":{"x":-0.03852739930152893,"y":-0.23022952675819398,"z":-0.009118937887251377,"w":0.9723423719406128},"size":3.427407741546631,"orthographic":true}