{"cameraMode":{"drawMode":0,"name":"Shaded","section":"Shading Mode"},"sceneLighting":false,"audioPlay":false,"sceneViewState":{"showFog":true,"showMaterialUpdate":false,"showSkybox":false,"showFlares":true,"showImageEffects":true,"showParticleSystems":true},"in2DMode":false,"pivot":{"x":-3.8376121520996095,"y":0.48255443572998049,"z":-70.22218322753906},"rotation":{"x":0.14676612615585328,"y":0.7603594064712524,"z":-0.1843792051076889,"w":0.6052447557449341},"size":79.83826446533203,"orthographic":true}