{"cameraMode":{"drawMode":0,"name":"Shaded","section":"Shading Mode"},"sceneLighting":false,"audioPlay":false,"sceneViewState":{"showFog":true,"showMaterialUpdate":false,"showSkybox":false,"showFlares":true,"showImageEffects":true,"showParticleSystems":true},"in2DMode":false,"pivot":{"x":0.5642688274383545,"y":0.48983335494995119,"z":-0.8925316333770752},"rotation":{"x":-0.03852739930152893,"y":-0.23022952675819398,"z":-0.009118937887251377,"w":0.9723423719406128},"size":2.410101890563965,"orthographic":true}