{"cameraMode":{"drawMode":0,"name":"Shaded","section":"Shading Mode"},"sceneLighting":false,"audioPlay":false,"sceneViewState":{"showFog":true,"showMaterialUpdate":false,"showSkybox":false,"showFlares":true,"showImageEffects":true,"showParticleSystems":true},"in2DMode":false,"pivot":{"x":2.0461692810058595,"y":0.7146482467651367,"z":-66.11369323730469},"rotation":{"x":0.14676612615585328,"y":0.7603594064712524,"z":-0.1843792051076889,"w":0.6052447557449341},"size":88.34675598144531,"orthographic":true}